,map,time,size
0,0.0042642478462557995,509,0.01
1,0.005447274489930816,887,0.05
2,0.0047160882254022336,1523,0.25
3,0.00571922976317431,1779,0.5
4,0.00684894,2189,1.0
