size,map,ndcg,precision,time
0.01,0.00331,0.01627,0.00019,295
0.05,0.00623,0.02704,0.00039,1036
0.25,0.01435,0.06126,0.00152,3481
0.5,0.02293,0.09847,0.00348,5364
1,0.03712,0.15201,0.00803,8506